{"cameraMode":{"drawMode":0,"name":"Shaded","section":"Shading Mode"},"sceneLighting":true,"audioPlay":false,"sceneViewState":{"m_AlwaysRefresh":false,"showFog":true,"showSkybox":true,"showFlares":true,"showImageEffects":true,"showParticleSystems":true,"showVisualEffectGraphs":true,"m_FxEnabled":true},"in2DMode":false,"pivot":{"x":621.904541015625,"y":1098.7166748046875,"z":-5.35028076171875},"rotation":{"x":-0.005998556036502123,"y":-0.019498292356729509,"z":-0.00011908513988601044,"w":0.9998007416725159},"size":572.356201171875,"orthographic":false}